{
  "platform": "Raspberry Pi 5 8GB",
  "arch": "armhf on aarch64 kernel",
  "timestamp": "2026-05-29T03:15:48.232556",
  "iterations": 500,
  "kyber768": {
    "keygen_mean_ms": 0.190577322005538,
    "keygen_stdev_ms": 0.3032498661817506,
    "encap_mean_ms": 0.21472310800209016,
    "encap_stdev_ms": 0.05453913307105005,
    "decap_mean_ms": 0.22370208799884495,
    "decap_stdev_ms": 0.165836259576129,
    "pub_key_bytes": 1184,
    "capsule_bytes": 1088,
    "shared_secret_bytes": 32
  },
  "dilithium3": {
    "keygen_mean_ms": 0.486172388000341,
    "keygen_stdev_ms": 0.06877915397326248,
    "sign_mean_ms": 1.5857144960036749,
    "sign_stdev_ms": 1.1048836536800504,
    "verify_mean_ms": 0.46881815000233473,
    "verify_stdev_ms": 0.005400874132273843,
    "signature_bytes": 3293,
    "pub_key_bytes": 1952
  },
  "rsa2048": {
    "keygen_mean_ms": 325.94471424000176,
    "keygen_stdev_ms": 205.2775716628008,
    "encrypt_mean_ms": 0.18301632599605,
    "encrypt_stdev_ms": 0.03031193353620682,
    "decrypt_mean_ms": 3.892279864000102,
    "decrypt_stdev_ms": 0.18342700656676986
  },
  "system": {
    "cpu_mean_pct": 25.1210053859964,
    "cpu_max_pct": 37.5,
    "temp_mean_c": 43.71490125673231,
    "temp_max_c": 45.2,
    "ram_mean_mb": 24.703402513464912,
    "ram_peak_mb": 24.788992,
    "samples": 557
  }
}