{
  "platform": "arm64",
  "kyber768": {
    "keygen": 0.20653857000183962,
    "encap": 0.1936721599986413,
    "decap": 0.1949722600033965
  },
  "dilithium3": {
    "keygen": 0.48886642000070424,
    "sign": 1.6471326399965847,
    "verify": 0.4709067400006006
  },
  "rsa2048": {
    "keygen": 355.395954880002,
    "encrypt": 0.1842278799995256,
    "decrypt": 3.9021639599997116
  }
}